,test_accuracy,test_precision_macro,test_recall_macro,test_f1_macro,test_roc_auc
RandomForest,0.999,0.9990386734113311,0.998953536447876,0.9989955059552171,0.9999974192756322
HistGradientBoosting,0.9994666666666667,0.9994621652291222,0.9994665313730711,0.9994643314279366,0.9999969533438083
GradientBoosting,0.99785,0.9977822721136065,0.9979014243790706,0.9978408279343665,0.9999758694594997
MLP,0.9968333333333333,0.9968325991392583,0.9968104849443936,0.9968193316769932,0.9999074125199066
LogisticRegression,0.9888,0.9885959050429678,0.988930080441232,0.9887547627068807,0.9988439017549611
SVC_linear,0.9885333333333332,0.988340572602182,0.9886467677181503,0.9884867301098342,0.998567900742192
DecisionTree,0.9984166666666667,0.99838714022401,0.9984329545516019,0.9984097988680716,0.9984329545516019
